"","Default","WC/TA","RE/TA","EBIT/TA","ME/TL","S/TA"
"1",0,0.4576187,0.2240644,0.0318383,1.288137,0.3181927
"2",0,0.1210532,-0.1140413,0.0372976,0.4571765,0.3121222
"3",0,-0.0348443,-0.0415092,0.0173981,0.086529,0.1868751
"4",0,-0.0079076,0.1643383,0.0455206,0.6222969,0.1062938
"5",0,0.1592414,0.4292155,0.0696419,5.060882,0.2209529
"6",0,0.0080377,-0.0473794,0.0431047,0.5516269,0.2016917
"7",0,-0.3800355,0.3272991,0.0152205,1.216094,0.1131646
"8",0,0.2059725,0.1323696,0.0389617,1.704951,0.1917723
"9",0,0.0122642,-0.035246,0.043407,3.126836,0.1155363
"10",0,0.3373035,0.1626406,0.0366839,0.5850759,0.1591694
"11",0,0.1407778,-0.0763183,0.0200411,3.606862,0.0887652
"12",0,0.1916704,0.2164273,0.0550423,1.292603,0.7063936
"13",0,0.093438,0.4625177,0.0515556,2.235694,0.233375
"14",0,0.1553401,0.3207796,0.063444,0.7307062,0.5130795
"15",0,0.1132281,0.0925957,0.0249997,0.3667259,0.239381
"16",0,0.0307389,0.1753938,0.0480015,1.112526,0.1241582
"17",0,0.3050348,0.5809509,0.0705767,5.311376,0.447506
"18",0,0.0149962,0.2960204,0.0620278,0.6864062,0.6332439
"19",0,0.0267904,0.1478908,0.0418466,0.8300692,0.2355286
"20",0,0.1977851,0.2018542,0.0390458,0.6624813,0.2909679
"21",1,0.3573008,0.0604665,0.0283414,3.196286,0.2835108
"22",0,0.0508472,-0.0297468,0.0564774,0.3956204,0.1195929
"23",0,0.1695805,0.3774517,0.052468,1.569448,0.2485363
"24",0,0.0438728,0.4312158,0.0585981,1.907273,0.1557239
"25",0,0.0736621,0.2856712,0.0276822,1.450999,0.2241833
"26",0,0.4157795,0.1101916,0.0507385,7.441947,0.1123187
"27",0,0.010224,0.2487855,0.0518709,0.7355943,0.3130597
"28",0,0.1218325,0.7231985,0.0672952,2.415635,0.2579426
"29",0,0.0139736,0.0882463,0.0394436,0.5718476,0.127674
"30",0,0.3347945,0.5799221,0.0393806,1.432098,0.2149388
"31",0,0.198832,0.1717258,0.070191,2.418509,0.1680003
"32",0,0.4581893,0.2016821,0.1010294,4.668241,0.2431599
"33",0,0.0438595,-0.6036902,0.0459352,0.6182249,0.2441158
"34",1,0.0776813,-0.0395945,-0.0215026,0.1375913,0.6972486
"35",0,0.1557691,0.4675415,0.0751955,3.234657,0.265696
"36",0,0.2022552,-0.0493447,0.0691913,8.594038,0.1419399
"37",0,0.6140646,0.6496065,0.0615459,20.24979,0.1795655
"38",0,0.0137669,0.9164745,0.0659919,2.984302,0.2367379
"39",0,0.0310561,0.2653861,0.0824814,2.295528,0.1274105
"40",0,0.5542732,0.3756112,0.02542,2.923778,0.2787563
"41",0,0.6822965,0.6318011,0.0801296,9.694548,0.2132472
"42",0,0.1927708,1.324735,0.0821502,2.317956,0.4746397
"43",0,0.222534,0.1377296,0.0585801,0.9548845,0.5307557
"44",0,0.0651102,0.3420269,0.0742653,3.362195,0.5964028
"45",0,0.2236337,0.2773873,0.0307087,0.0709767,0.2011024
"46",0,0.4530819,0.271056,0.0403897,0.884159,0.5203143
"47",0,0.0866611,0.1857547,0.0514998,0.5513126,0.4202897
"48",0,0.0970184,0.320895,0.0347296,0.8576062,0.3512356
"49",0,0.0362609,0.1109699,0.0570831,0.6234215,0.1381933
"50",0,-0.0157647,0.3125674,0.0624686,1.619168,0.1675776
"51",0,0.0625248,0.3750849,0.0586428,1.605067,0.1340913
"52",0,0.0758912,0.4618973,0.0472147,2.34795,0.3674809
"53",0,0.4092634,0.2936923,0.0348027,0.9755679,0.5739492
"54",0,0.2694721,0.5142907,0.1210535,5.748652,0.5843698
"55",0,0.06468,0.296361,0.0472511,1.576857,0.2395021
"56",0,0.2778742,0.0869453,0.0667781,4.921153,0.2781802
"57",0,0.0963695,0.2525549,0.0527337,1.502466,0.3071044
"58",0,0.0814636,0.1611826,0.0564219,0.6400221,0.2137973
"59",0,0.3335125,0.1250451,-0.0005088,0.8125715,0.3012488
"60",0,0.2010251,0.0951092,0.0185191,0.1255333,0.0593864
"61",0,0.3664809,0.4791727,0.0746017,10.34594,0.2286062
"62",0,0.0465585,0.1301238,0.0612711,2.274937,0.4789336
"63",0,0.2889152,-0.0616663,0.0515133,4.794616,0.1100164
"64",0,0.2083302,0.5842505,0.0510845,2.178838,0.225818
"65",0,0.1505066,0.0919941,0.0566941,2.055461,0.2093435
"66",0,0.3152603,0.7376394,0.0572462,4.854224,0.250033
"67",0,-0.0123149,0.0736649,0.071138,2.074733,0.2544222
"68",0,-0.008524,-0.1164335,0.0454377,1.103657,0.1861337
"69",0,-0.0571116,0.3362894,0.0580429,1.422177,0.1159098
"70",0,0.0461713,0.1752627,0.0570639,1.526276,0.1501371
"71",0,0.2254276,0.5532467,0.0578295,2.688511,0.3150199
"72",0,0.2718526,-0.0302356,0.0525596,0.4361135,1.319311
"73",0,0.2067447,0.3814005,0.1128574,3.062741,0.9427148
"74",1,0.0654969,-0.1320064,0.0043704,0.0849552,0.1891719
"75",0,0.1575852,-0.3633296,0.055392,0.9415639,0.4141532
"76",1,0.0655249,-0.2287427,-0.1305418,0.8339568,0.0941778
"77",1,0.2390125,-0.2042497,0.0220922,0.0471399,0.2322144
"78",0,0.4639213,0.4319417,0.0534591,1.882919,0.2592992
"79",0,0.2454687,0.1785577,0.0668959,1.832615,0.3335687
"80",0,0.1374891,0.1686672,0.0299455,0.7495533,0.1741167
"81",0,0.1055653,0.3324603,0.0568043,4.233698,0.0773849
"82",0,-0.0971336,0.2849881,0.0217686,1.040935,0.3022197
"83",0,0.2063609,0.1572795,0.0284533,0.6191075,0.4019787
"84",0,0.1682917,0.2595544,0.0643906,0.7089337,1.084889
"85",0,-0.0009732,0.097767,0.0440068,0.5404876,0.1331891
"86",0,0.0865815,0.0683562,0.0290089,0.6444796,0.1758123
"87",0,0.3282714,0.1599506,0.0359795,0.8752185,0.4811358
"88",0,0.4365837,0.6146415,0.0752016,2.43793,0.3522548
"89",0,0.1841947,0.6554943,0.0563072,2.488261,0.1976428
"90",0,0.0786169,0.0918552,0.0547793,0.5611274,0.1555357
"91",0,0.3571238,0.3425544,0.0537463,1.188767,0.6007832
"92",0,0.0324547,0.099009,0.0485265,1.986993,0.1113547
"93",1,0.0431737,0.2086286,0.0348589,0.0905401,1.016006
"94",0,0.2186004,0.3396581,0.039348,1.84459,0.3426188
"95",0,0.3466104,0.564456,-0.0056335,1.174382,0.2522112
"96",0,0.3236952,-0.4442995,0.0156003,0.0871627,0.3502291
"97",0,0.0067133,0.2518013,0.0559926,0.9321004,0.128503
"98",0,0.2606655,-0.2506766,0.0326037,1.219206,0.4341238
"99",0,0.0963918,-0.3972203,0.0418139,0.8480179,0.2865429
"100",0,0.01022,0.313053,0.045285,3.452213,0.260877
"101",0,0.6425512,0.1484028,0.0124473,1.135805,0.2003572
"102",0,0.0083733,0.4539709,0.0823015,2.786422,0.3898503
"103",0,0.0283751,0.2357092,0.0455532,0.51398,0.12872
"104",0,0.1481415,0.169713,0.0716118,0.4858561,0.1895396
"105",0,0.3528952,0.5022435,0.0600092,1.952428,0.2309448
"106",0,0.1187521,-0.0369527,0.0580952,0.5288701,0.3722975
"107",0,-0.0409215,0.2139162,0.0322166,0.6359211,0.1147934
"108",0,-0.1122503,0.8427947,0.042069,1.854554,0.2474509
"109",0,0.0018042,0.2195872,0.0568657,1.793548,0.1329799
"110",0,0.0361181,0.2140772,0.0511963,0.6827462,0.1256479
"111",0,0.2300099,0.2491866,0.0505044,1.192319,0.1619363
"112",0,0.3817812,0.4951596,0.0599948,3.66292,0.3567528
"113",0,0.1840388,0.4163295,0.0578437,2.3095,0.8142791
"114",0,0.1526821,0.4958285,0.0462197,1.678868,0.3855683
"115",0,0.0193794,0.1212069,0.0432523,0.6413711,0.1222128
"116",0,0.2070111,0.1964303,0.0556845,0.8692655,0.2341696
"117",0,-0.0409322,0.0300514,0.0338193,0.8163353,0.1327182
"118",0,0.1451578,0.2415305,0.0576449,0.9558393,0.2237432
"119",0,0.4221201,-1.93895,0.0222373,15.8687,0.1694187
"120",0,0.0185028,0.2076238,0.0404808,0.8259594,0.1189658
"121",0,0.3389773,0.0263088,0.0724935,0.3742769,0.349064
"122",0,0.0035865,0.4168911,0.0425919,1.112896,0.0977419
"123",0,0.2463268,-0.2917638,0.0478053,2.056145,0.587877
"124",0,0.0953507,0.2747564,0.0517207,1.174448,0.1874503
"125",0,0.3572026,0.4254415,0.0466372,1.659671,0.4892172
"126",1,0.157971,0.108848,0.0748345,1.363119,0.3977579
"127",0,0.2222984,0.0839048,0.0811473,2.740186,0.192974
"128",0,0.042542,0.4308462,0.04178,0.65747,0.2082426
"129",0,0.1299984,0.5105683,0.0713396,2.352385,0.453607
"130",0,0.0366473,0.5984832,0.0830774,2.778526,0.4790998
"131",0,0.2456366,0.0877585,0.0176806,3.702405,0.126361
"132",0,0.105553,0.2868048,0.0462029,1.609642,0.2385455
"133",0,0.0107332,-1.788012,0.0723445,0.4254817,0.1721512
"134",0,0.2863322,-0.5346413,0.0479921,0.2684137,0.317746
"135",0,0.0293672,0.3807336,0.0559895,1.396791,0.176297
"136",0,0.0369948,-0.9613312,0.0473903,1.858883,0.1475835
"137",0,-0.8615075,-0.6838365,0.0427151,0.0297572,0.1380888
"138",0,-0.0245702,0.6974248,0.108793,5.007206,0.3456181
"139",0,0.0613008,0.0466803,0.0453204,0.3223599,0.2691574
"140",0,0.0737331,0.918734,0.0824955,6.583299,0.2007603
"141",1,0.372014,-1.429416,-0.0468376,0.181752,0.1093642
"142",0,0.0262252,0.7747584,0.085638,3.690606,0.3608029
"143",0,-0.0553868,0.0912583,0.0735197,1.069551,0.1311176
"144",0,-0.02109,0.0926267,0.0396396,1.204559,0.0678448
"145",0,0.356688,0.287994,0.0666971,0.7896653,0.7733684
"146",0,0.1183262,0.1399169,0.0442301,1.02536,0.1411446
"147",0,0.1318749,0.2061387,0.0426452,1.355455,0.3972958
"148",0,0.1139365,0.2111153,0.0415672,2.639781,0.1061933
"149",0,0.1805181,0.4035935,0.0540898,1.456184,0.3449473
"150",0,0.1746252,0.2143539,0.0603226,1.611853,0.2947312
"151",0,0.0037843,0.2648609,0.0463561,0.7532702,0.130364
"152",0,0.3408751,0.194938,0.0557546,1.544953,0.4164756
"153",0,0.0435676,0.2715426,0.0464375,1.535566,0.1785764
"154",0,0.1122974,-0.0988625,0.02863,0.1735197,0.1353573
"155",0,0.5312144,0.5468807,0.0336236,1.120112,0.231811
"156",0,0.2629,0.3000008,0.0690855,8.641229,0.2024326
"157",0,0.0567763,0.3571309,0.0589453,0.9266816,0.2609545
"158",0,0.124177,-0.7175176,0.0361896,2.834364,0.1352779
"159",0,-0.0003629,0.6416115,0.0821963,2.909751,0.4511551
"160",0,0.1728774,0.4003518,0.0536528,1.193892,0.2703184
"161",0,0.1514342,-0.222087,0.0352327,0.6088012,0.2599213
"162",0,-0.0038057,0.0426141,0.0202696,0.1841039,0.8049334
"163",0,0.055093,-0.2565182,0.055626,0.3258757,0.2577804
"164",0,0.1959728,0.0799093,0.0480367,0.7531084,0.3794218
"165",0,0.201217,-0.3912552,-0.0093246,0.2160022,0.3611784
"166",0,-0.0804491,-0.1748931,-0.007868,0.0822135,0.9339786
"167",0,0.1228224,0.2502563,0.0236476,0.4197021,0.2580789
"168",0,0.1076853,0.4454228,0.0709421,4.612112,0.2561936
"169",0,0.2058814,0.372582,0.0831046,2.382768,0.4925548
"170",0,0.0936248,0.2996549,0.0470568,1.068907,0.1029322
"171",0,0.0960873,0.3866937,0.0441563,0.9170687,0.5353537
"172",0,-0.1730141,0.0443345,0.033798,0.4664279,0.1370263
"173",0,-0.0876317,-0.2749191,-0.0077211,0.0740331,0.194442
"174",0,-0.182043,-0.1426169,0.0914733,1.147806,0.3435459
"175",0,0.0284984,0.1327033,0.039053,0.5202965,0.140565
"176",0,0.2835069,0.490454,0.0451029,1.52361,0.2729536
"177",0,0.2279589,0.1262627,0.0547273,0.972678,0.217787
"178",0,0.3730008,0.1965957,0.0529634,0.3143327,0.2568361
"179",0,0.275598,0.113197,0.0804531,2.967881,0.2136557
"180",0,0.2451039,0.4399949,0.0409379,0.6389961,0.4395436
"181",0,-0.0105367,0.3235106,0.0511291,1.690272,0.163477
"182",0,0.2666583,-0.0137685,0.0731053,1.43756,0.3612244
"183",0,0.3424428,0.4132525,0.1094587,5.765954,0.798921
"184",0,0.0155471,0.0314011,0.0298636,0.6961499,0.114848
"185",0,0.1116168,0.0633834,0.0278376,0.9500168,0.2880177
"186",0,0.1626562,0.2080627,0.0625562,1.719592,0.2865427
"187",0,0.1641932,0.6933074,0.0498143,3.22211,0.2832928
"188",0,0.147761,0.2675052,0.0475983,1.418286,0.254559
"189",0,-0.3006266,0.6384143,0.0835059,2.926206,0.3562828
"190",0,-0.0117519,0.2389204,0.0619953,1.358741,0.2028547
"191",0,0.2307624,0.291742,0.0408902,2.204361,0.1973265
"192",0,0.0339932,0.0976805,0.0352321,0.6353292,0.1261976
"193",0,0.1952216,0.1555431,0.0490397,0.606392,0.2623305
"194",0,0.1879128,-1.803147,0.1068938,0.6521468,0.4667995
"195",0,0.1552305,0.3515697,0.0569425,2.614825,0.2034282
"196",0,0.043122,0.5117505,0.0464319,0.6641567,0.2745617
"197",0,0.1267837,0.1956895,0.0595259,2.045625,0.316381
"198",0,0.0514428,-1.990381,0.0361436,0.3091029,0.2611188
"199",0,0.1121243,0.4751661,0.0649436,4.239621,0.3118366
"200",0,-0.0493466,0.2765171,0.0388736,0.8951151,0.1464052
"201",0,0.0557655,-0.0703479,0.0312147,0.2705354,0.0719134
"202",0,0.1500679,0.6110533,0.0701254,2.875074,0.2700198
"203",0,0.0693766,0.052491,0.0345481,0.9365253,0.0908767
"204",0,-0.0459853,0.2181201,0.060868,1.590201,0.1450498
"205",0,0.2520105,0.5841109,0.0485654,2.1564,0.3595682
"206",0,0.1280731,0.0742492,0.0268654,0.9430075,0.1927142
"207",0,-0.7265729,-1.14407,0.004646,0.0280297,0.2316043
"208",0,-0.0715523,0.6922998,0.0892419,3.704425,0.2349034
"209",0,-0.0796702,0.3144378,0.0495139,1.639263,0.1325941
"210",0,0.5168593,0.3483481,0.0721012,2.965767,0.2955645
"211",0,0.2668882,-0.559615,-0.0022365,1.072059,0.283179
"212",0,0.1129006,0.7323781,0.0935025,3.565836,0.4102732
"213",0,0.0620423,0.189061,0.066331,1.653388,0.2407861
"214",0,0.116514,0.3683066,0.0569884,0.8757719,0.2138279
"215",0,-0.0322186,0.1784149,0.0380826,0.7002995,0.1209597
"216",0,0.3817633,0.3781185,0.1022254,1.471853,0.7272734
"217",1,0.2020761,0.0523252,0.0101349,0.268388,0.2815045
"218",0,0.0495556,0.4295177,0.0778242,2.530075,0.4085759
"219",0,0.454005,0.2481389,0.0842353,1.084589,0.6317313
"220",0,0.0650465,-0.0224514,0.0247739,0.0699156,0.1710842
"221",0,0.2386405,0.3099046,0.0821112,1.122932,0.3736952
"222",0,0.1242813,0.333362,0.0336556,0.947593,0.2538925
"223",0,0.263652,0.1289949,0.0536617,2.231709,0.2808643
"224",0,0.2899831,-0.1455241,0.0432878,0.7191037,0.6789809
"225",0,0.1606276,-0.0196016,0.0365127,0.2902779,0.9885843
"226",0,0.2598727,0.2505638,0.0489801,1.738982,0.7053332
"227",0,0.2507368,0.2188492,0.0810369,0.9501024,0.3938061
"228",0,0.0153366,0.0658277,0.0603056,1.164505,0.1115415
"229",0,-0.1052575,0.1126226,0.0506828,1.741544,0.1611865
"230",0,0.0486617,0.7456735,0.0719605,2.916207,0.1716746
"231",0,0.4273947,0.7380757,0.0869923,3.793655,0.523558
"232",0,0.1250284,-0.0038385,0.0392693,0.6881304,0.1333294
"233",0,0.2575622,-0.0959358,0.0581875,23.5786,0.1070181
"234",0,0.2143335,0.1517621,0.0481666,0.411521,0.380963
"235",0,0.0523027,0.132048,0.0700113,1.310964,0.2758782
"236",0,0.1358788,0.4529616,0.0589382,2.044932,0.3242581
"237",0,0.0399713,0.2868722,0.0641553,1.508059,0.1687298
"238",0,0.2192264,0.3284603,0.0516366,1.174315,0.3340521
"239",0,-0.0824105,0.1447998,0.0379822,0.3119119,0.0902223
"240",0,0.3028129,0.1696386,0.0355878,0.5766038,0.1856344
"241",0,0.4610665,0.2815946,0.0871654,1.78215,0.6124159
"242",0,0.3803748,-1.740432,0.0748353,1.831558,0.5286636
"243",0,0.0386852,0.1284437,0.0439376,0.6097711,0.2224433
"244",0,0.0096048,0.7425755,0.0851729,5.66194,0.3196061
"245",0,0.1274795,0.5186085,0.0260504,1.076702,0.1568073
"246",0,0.2535156,0.3462335,0.1038138,4.381498,0.2949291
"247",0,0.1048435,0.2748351,0.0399237,5.096896,0.1010671
"248",0,0.0617971,0.2986664,0.0442629,1.079257,0.1606032
"249",0,0.1495295,0.0382592,0.0570085,0.8381248,0.2274612
"250",0,0.2429163,-0.0452524,0.0423056,0.1928767,0.3155427
"251",0,0.0804508,0.0370413,0.0452395,0.8106244,0.0939482
"252",0,0.0608875,-0.0569353,0.0366886,0.216233,0.9303399
"253",0,0.3285497,0.9763111,0.0403811,1.606874,0.2588007
"254",0,0.063664,0.1231124,0.0381118,0.6656616,0.1837919
"255",0,0.1193483,0.3981248,0.068943,0.8216158,0.3715819
"256",0,-0.5813435,0.1282055,0.0255556,0.2829422,0.0381004
"257",0,0.0433368,0.3362285,0.0374474,1.451618,0.094226
"258",0,0.0929332,0.0758238,0.048269,1.012479,0.391398
"259",0,0.2062125,0.2281448,0.0545585,1.485647,0.3628769
"260",0,0.2172922,0.3137991,0.0349357,0.6164367,0.3736376
"261",0,0.4822212,0.4647391,0.0643557,3.595507,0.3575289
"262",0,0.1795139,0.5700036,0.0413905,1.601369,0.331903
"263",0,0.4604771,0.1337966,0.0493358,0.2420713,0.3673928
"264",1,0.023044,-0.2693499,0.0027171,0.1535664,0.3386589
"265",0,0.2231926,0.580761,0.0676902,2.168009,0.3547757
"266",0,0.2263328,0.1526895,0.0092014,0.1430296,0.4381989
"267",0,0.3555733,-1.275888,0.0346342,6.271513,0.1251015
"268",0,0.2468782,0.2065131,0.0552097,1.407076,0.1689157
"269",0,0.1873104,0.4182954,0.0672716,1.351769,0.2629988
"270",0,0.1346743,0.481852,0.0575182,0.6668422,0.2161329
"271",0,0.0036675,0.9335325,0.111499,3.840584,0.3735561
"272",0,0.2173117,0.2290261,0.0528847,1.484675,0.3088337
"273",0,0.2254803,-0.3980382,0.0641456,1.062026,0.3913445
"274",0,0.2522252,0.8161393,0.0680732,3.525597,0.2612261
"275",0,0.0889653,0.105746,0.0578703,1.577405,0.1575787
"276",0,0.1713261,0.1843117,0.054196,0.3325946,0.2914982
"277",0,0.1072894,0.0425275,0.02166,1.013609,0.1408013
"278",0,0.1213902,0.6580434,0.0721945,6.168762,0.4731993
"279",0,0.1625534,-0.4479493,0.0254367,1.363785,0.1486796
"280",0,0.179169,0.5571036,0.0817011,2.180786,0.3488953
"281",0,0.255375,0.5742959,0.0604586,3.467291,0.5634766
"282",0,-0.0087276,-0.0122666,0.0560197,1.652666,0.1523312
"283",0,0.1230735,0.3126796,0.0157573,1.759119,0.1627742
"284",0,0.3099179,0.4320006,0.0605136,4.549059,0.3341079
"285",0,0.0190349,0.208702,0.0447899,0.387478,0.4100814
"286",0,0.3873072,0.2606074,0.0600415,1.608818,0.4803018
"287",0,0.0402025,0.4467875,0.0862375,3.379586,0.5030555
"288",0,0.5205022,-0.0681636,0.0248972,0.251707,0.1874507
"289",0,0.0082533,0.3565136,0.0510745,1.129595,1.038157
"290",0,0.0006462,0.3417413,0.0602797,1.615367,0.2991372
"291",0,0.0650115,0.2442842,0.0388763,2.183338,0.1755181
"292",0,0.0218677,0.1521289,0.0465228,0.5952134,0.0941913
"293",0,-0.0032003,0.0209098,-0.3945461,0.3785673,0.1017647
"294",0,0.2638915,0.7765525,0.0710535,7.401417,0.2975056
"295",0,0.1577144,-0.255395,0.0763633,0.7158348,0.347539
"296",0,-0.0042726,0.2556171,0.0418167,2.744036,0.3222238
"297",0,0.1448883,0.1325243,0.057075,1.149721,0.1294291
"298",0,0.1725044,0.4777223,0.064723,2.459751,0.2436333
"299",0,0.5351112,0.2020354,0.022215,0.396709,0.6260734
"300",0,-2.240268,-2.707721,-0.0159158,0.0237178,0.3176284
"301",0,0.1778896,-0.1828178,0.0482965,0.8030248,0.2320647
"302",0,0.6109872,0.2439463,0.0739188,7.721719,0.2098388
"303",0,0.363335,0.7108801,0.0920604,15.48746,0.2381283
"304",0,0.485933,0.517374,0.0538418,2.13172,0.4156611
"305",0,0.2884904,-0.0050135,0.0444025,0.7006366,0.296125
"306",0,0.1900153,-0.569437,0.0536714,0.2375208,0.4994431
"307",1,0.0592157,0.1824532,0.0096473,0.3053361,0.3045398
"308",0,0.1477971,-0.0166196,0.0498916,0.253348,0.1888071
"309",0,0.1073484,0.4124923,0.079371,2.108185,0.2838718
"310",0,0.2659516,0.6702249,0.0565095,2.804196,0.2257617
"311",0,0.0163738,-0.1514086,0.0581464,0.3830815,0.4602694
"312",0,0.0402966,0.3311707,0.0539946,1.016383,0.2202528
"313",0,0.2692321,0.5907494,0.092159,6.545092,0.2009578
"314",0,0.079836,0.3120353,0.0410211,0.7569785,0.2944737
"315",0,0.1508465,0.06811,0.0398518,0.8258092,0.2212532
"316",0,0.3950266,0.21612,0.0409421,3.381391,0.179838
"317",0,0.0738433,0.254093,0.0326204,0.3910413,0.1934047
"318",0,0.1313201,0.139869,0.0834645,3.550494,0.1716045
"319",0,0.1353297,-0.0359219,0.0383001,0.1343735,0.3275802
"320",1,0.0710743,0.0692611,0.0420024,1.187908,0.6643384
"321",0,-0.0059359,0.154764,0.0363186,0.9879009,0.1776075
"322",0,0.1001092,0.0376821,0.0431616,0.6892772,0.1533154
"323",0,-0.0274108,0.2804864,0.0297044,0.4673189,0.5214157
"324",0,0.5160795,0.4318408,0.0579678,1.446068,0.5374721
"325",0,0.3663955,0.2653297,0.0715609,0.8637564,0.4327086
"326",0,0.3265076,0.2886613,0.0909702,0.2322921,0.6512511
"327",0,0.0556904,0.047315,0.0477663,1.505998,0.0981568
"328",0,0.174823,0.1847448,0.042993,0.5660888,0.71233
"329",0,0.1140041,-0.2389577,0.0669259,0.9970473,0.2596131
"330",0,0.0680572,-0.5363411,0.0536446,0.5332205,0.3201353
"331",0,0.2915797,0.6739841,0.0862896,8.780381,0.2649862
"332",0,0.0218302,0.3177782,0.0661434,1.124445,0.471741
"333",0,-0.1308792,0.0943711,0.0915418,2.218344,0.4896425
"334",0,0.3121001,-1.541414,0.1311181,0.4960669,0.4858828
"335",0,0.3344581,0.2847442,0.053331,0.6924484,0.7475335
"336",0,-0.0055669,0.1056491,0.038063,1.274909,0.0572261
"337",0,0.523071,0.3766312,0.0301614,1.368995,0.4789465
"338",0,0.0205258,0.3691769,0.0395879,0.8185745,0.1048206
"339",0,0.0290956,0.0476319,0.0345731,0.5635445,0.102502
"340",0,-0.0719685,-0.4738481,0.0450187,1.54232,0.5793458
"341",1,0.2071114,0.1160848,0.0312261,1.170649,0.4758335
"342",0,-0.0443366,0.2317525,0.0660899,2.188364,0.2537672
"343",0,0.4879377,0.3859277,0.0357915,0.9691191,0.4060346
"344",0,0.185714,0.2067047,0.0552092,1.627144,0.3196698
"345",0,-0.0102419,0.0954004,0.0476882,0.9732202,0.1341013
"346",0,-0.0470993,-0.1323993,0.0220434,0.0592054,0.1932633
"347",0,0.0444635,0.6580877,0.0664005,3.117326,0.2581442
"348",0,0.05635,0.1052987,0.0710976,1.891155,0.2203791
"349",0,0.1728364,0.1307232,0.0486404,0.8316289,0.3635291
"350",0,0.0212462,0.1887459,0.0599098,0.7670323,0.69618
"351",0,0.4357068,-0.2732767,0.049432,0.7226016,0.3324614
"352",0,0.3288931,-0.2271672,0.0252902,2.426567,0.1573427
"353",1,0.132908,0.0866202,0.0196854,0.1168295,0.2322387
"354",0,-0.0356083,0.2136856,0.051792,1.430274,0.107511
"355",0,0.1895347,0.4463558,0.0625539,1.603225,0.2283532
"356",0,0.0990781,0.0293401,0.0327928,0.4534536,0.2972683
"357",0,0.517281,0.281702,0.0760419,6.086165,0.407281
"358",0,0.2873028,0.5229803,0.0397155,2.919915,0.3510275
"359",0,0.3297183,0.3526977,0.0402168,1.993891,0.1487757
"360",0,0.206011,0.2812407,0.044232,0.9637802,0.384037
"361",0,0.2416455,0.4229425,0.0607213,4.636322,0.1778646
"362",0,0.1177487,0.26911,0.0687661,0.921371,0.3495663
"363",0,0.2218348,0.5869142,0.122252,2.599905,0.5663731
"364",0,-0.0075807,0.4116779,0.0802069,4.817236,0.1651964
"365",0,0.1225754,0.2538892,0.0536148,0.6971543,0.3268055
"366",0,0.3172976,0.9362612,0.0577053,3.778686,0.4181588
"367",0,0.0477298,0.1977813,0.0439964,1.363652,0.4127707
"368",0,0.0081606,-0.0547751,0.0462336,1.406452,0.0829227
"369",0,0.4781426,-0.0293488,0.0871976,3.361166,0.4297321
"370",0,0.0851449,0.0941432,0.0455684,0.7126805,0.1600556
"371",0,0.0809132,0.3262711,0.0500504,0.9740736,0.2025369
"372",0,0.3453692,-0.588661,0.0559823,0.2880738,0.9186399
"373",0,0.0334688,0.3275861,0.0777356,2.078336,0.1515135
"374",0,0.3547511,0.4099783,0.0551384,1.773457,0.2086764
"375",0,0.0972021,0.4773012,0.0747166,4.585829,0.4451685
"376",0,0.2422191,0.2215591,0.0575847,0.8283356,0.2427409
"377",0,0.1622911,0.1904459,0.0300163,0.6877017,0.3211593
"378",0,-0.0908828,0.2456305,0.023667,2.152905,0.2299588
"379",0,0.0969773,0.2193922,0.0417205,1.550577,0.2275201
"380",0,0.3552655,0.4670342,0.0610234,2.360622,0.2442779
"381",0,0.1064859,0.1934617,0.0418437,0.6557181,0.2424321
"382",0,0.0557597,0.1415877,0.0533251,1.523875,0.171374
"383",0,0.2406651,0.3221247,0.0662076,1.585422,0.5034536
"384",0,0.5610676,0.4838059,0.0746791,2.348408,0.2166536
"385",0,0.1304792,0.2602684,0.0384355,0.812327,0.3049713
"386",0,0.0996822,0.29471,0.0329079,1.439093,0.144087
"387",0,0.1976759,0.0278964,0.0469664,1.251002,0.1701934
"388",0,0.0477113,0.352329,0.0357695,1.512985,0.4730618
"389",0,0.0615421,0.1340522,0.0568896,0.5501067,0.4446374
"390",0,0.2184774,0.1331928,0.0452631,0.5950861,0.2735057
"391",0,0.0377999,0.275869,0.0324243,1.33525,0.1875508
"392",0,0.0459884,0.2391995,0.0273045,0.2520787,0.7962616
"393",0,0.2216418,0.376562,0.0760177,2.335665,0.2785066
"394",0,0.170255,0.1284111,0.0598651,0.9645358,0.2289288
"395",0,0.1044967,-0.1436443,0.0572079,1.458503,0.3598557
"396",0,0.1998806,0.3181887,0.04153,1.002414,0.2955354
"397",0,0.2221688,0.2072659,0.1196231,3.432172,0.4155491
"398",0,0.0985686,-0.821206,0.0165197,0.8901364,0.5179187
"399",0,0.1667386,0.3041457,0.0617427,0.9755235,0.3473204
"400",0,0.1960278,0.285603,0.0462678,0.5616501,0.4091774
"401",0,0.0755043,0.255891,0.0817753,3.408431,0.3392378
"402",0,0.0178365,0.8049377,0.0697676,2.99368,0.2141797
"403",0,0.0708913,0.5998023,0.0732851,4.753639,0.2708404
"404",0,0.2104218,0.1919174,0.0448331,0.861248,1.120975
"405",0,0.0765618,0.4039363,0.0401391,1.015479,0.2032419
"406",0,0.1980767,0.0997662,0.0462422,2.383363,0.8946012
"407",0,0.0488911,0.4624617,0.0544827,1.297121,0.1448744
"408",0,0.162521,0.0218893,0.0380352,0.8125587,0.172247
"409",0,0.2664311,0.6576337,0.0901884,10.36549,0.193439
"410",0,0.2931287,0.4690854,0.124396,3.535861,0.3685727
"411",0,0.2286714,0.4034976,0.0469372,2.436413,0.6316394
"412",0,0.4961376,0.7837406,0.0831831,4.153295,0.4992127
"413",0,0.0775465,0.8971208,0.0774423,2.849244,0.1777515
"414",1,0.0403323,-0.1984415,0.0347541,0.2141342,0.0664759
"415",0,0.5309191,0.411709,0.103679,5.108937,0.5904775
"416",0,-0.0527707,-0.0008494,0.0404549,0.6606916,0.2270788
"417",0,0.40391,-0.6283627,-0.0957589,0.3742425,0.2516099
"418",0,0.2404117,0.1515811,0.0523089,3.305455,0.1819045
"419",0,0.4308863,0.2199572,0.0646966,1.650929,0.3481703
"420",0,0.2892947,0.2954651,0.0626702,3.369505,0.5241682
"421",0,0.4018595,0.5940782,0.0579287,6.636288,0.2438523
"422",0,0.1586116,0.7974973,0.0804912,6.222719,0.2688161
"423",0,0.1996444,0.2198062,0.0355975,1.384882,0.1587222
"424",1,-0.009643,-0.1249161,0.0179058,0.0886559,0.2397065
"425",0,0.0105702,0.3934759,0.1206047,3.395241,0.3977484
"426",0,-0.0665724,0.4750691,0.0253638,2.80661,0.2897733
"427",0,-0.0071161,0.2604874,0.0393425,1.353102,0.1406566
"428",0,0.3173067,0.2826307,0.0435489,1.442232,0.2485669
"429",0,0.0628904,0.3526993,0.0689746,0.7590938,0.2922152
"430",0,0.2914467,0.1405625,0.0423592,1.749832,0.2766477
"431",0,0.102125,0.4250884,0.0758277,2.674419,0.4415912
"432",0,0.1917872,0.221147,0.0527204,1.892154,0.3416797
"433",0,0.2677585,0.0353324,0.0620095,1.012206,0.1901507
"434",0,-0.0694911,-0.0155405,-0.0235907,0.3143245,0.1282136
"435",0,-0.0395568,-0.2344605,0.0022753,0.0804053,0.2278571
"436",0,0.1199622,0.6015995,0.0608926,1.946873,0.2781119
"437",0,0.1797532,0.3037005,0.0612037,0.894989,1.171133
"438",0,0.0810348,0.1342832,0.0362945,1.61009,0.1681841
"439",0,0.2925557,-0.5011187,0.082878,2.914132,0.4038887
"440",0,-0.0002025,0.2032734,0.0347448,0.9721259,0.1086661
"441",0,0.2088403,-0.0623044,0.0238671,0.6458434,0.2689218
"442",0,0.194382,-0.1773455,-0.0127619,2.881991,0.2575359
"443",0,0.3272924,0.4420605,0.0620244,2.466809,0.3810074
"444",0,0.060865,-0.0248998,0.0372488,0.2488375,0.1304274
"445",0,0.0730928,0.1380753,0.0455261,0.5136752,0.1609368
"446",0,-0.0974674,0.4495271,0.0706675,2.35973,0.2565568
"447",1,0.1069628,0.0352543,0.0114603,0.0501947,0.2750668
"448",0,0.20351,0.2371085,0.052448,1.382802,0.3007917
"449",0,0.2736385,-0.1516869,0.0283975,1.651185,0.2309862
"450",0,-0.0270932,0.0818053,0.029571,0.3101082,0.1208423
"451",0,0.4769792,0.5361623,0.0856196,4.294001,0.474966
"452",0,0.0660477,0.2146201,0.0277777,0.6344511,0.1479549
"453",0,0.0471418,0.2700942,0.0676212,1.871519,0.1266477
"454",0,0.1871817,0.0950416,0.0586618,0.8416867,0.233949
"455",0,0.3126321,0.2927012,0.0821527,2.431996,0.4918068
"456",0,0.0258821,0.3198884,0.0464342,0.8797993,0.10331
"457",0,0.2957472,0.0773995,0.0451948,0.2348552,0.3608057
"458",0,0.502665,0.1100718,0.0483903,3.227569,0.2114066
"459",1,-0.0440671,-0.257925,0.0503978,0.3096173,0.1756044
"460",0,0.0360984,0.1020982,0.0499401,0.2894091,0.1882475
"461",0,-0.0564489,0.0764051,0.0611319,0.5277346,0.1616679
"462",0,0.0295454,0.056256,0.0363567,0.5273145,0.1378105
"463",0,0.0492539,0.1508057,0.0509506,1.223205,0.2584939
"464",0,0.3042059,0.0623676,0.045459,0.517031,0.2996076
"465",0,0.0110172,0.1434027,0.0633451,0.8297422,0.1875397
"466",0,0.0302407,0.0967237,0.0389892,0.462238,0.2859811
"467",0,-0.3283717,-0.569675,0.0159036,0.0640097,0.387636
"468",0,0.1402065,0.2190774,0.033387,1.25196,0.3267518
"469",0,0.3615098,0.6405267,0.1071737,3.148006,0.5296056
"470",0,0.0349166,0.0486789,0.0600718,1.054584,0.1517636
"471",0,0.254825,-0.1291889,0.056926,2.215894,0.2175871
"472",0,0.0284833,0.2345838,0.0722607,1.617405,0.1537882
"473",0,0.2772202,0.336653,0.0342179,1.2542,0.1833102
"474",1,-0.0541359,-0.0303141,0.0290285,0.0898034,0.1070989
"475",0,-0.0089281,0.087687,0.0603404,0.6262191,0.120267
"476",0,0.052537,0.1512703,0.0495708,0.6989804,0.3248514
"477",0,0.2704304,-0.1900196,0.0431976,1.249609,0.3416829
"478",0,0.3225971,0.1848179,0.0141903,0.4151532,0.6481143
"479",0,0.3138011,0.261074,0.0654546,1.867267,0.3176242
"480",0,-0.0318166,0.1034267,0.0629298,0.6235929,0.3747449
"481",0,-0.0341468,0.1592776,0.051305,0.8522779,0.1511684
"482",0,0.1127548,0.2261425,0.0541513,1.125169,0.2428153
"483",0,0.280627,0.1685234,0.0382758,0.5222244,0.3970101
"484",0,0.1939282,0.469762,0.0791126,1.759569,0.1267871
"485",0,0.4144422,0.2359388,0.0685614,1.677099,1.05138
"486",1,-0.0983266,-0.2161151,0.0507807,0.1664153,0.2275967
"487",0,0.0799412,-0.0501832,0.0427016,0.3974637,0.1860113
"488",0,0.2394643,0.7414312,0.0515349,2.211052,0.3137641
"489",0,0.0249097,0.1416288,0.0508629,0.4795419,0.1394088
"490",0,0.3793955,0.4124445,0.0287596,1.148567,0.3594093
"491",0,0.0350273,0.0735085,0.044958,0.7374552,0.1319372
"492",0,0.3296852,0.5174089,0.0765416,2.684546,0.2828215
"493",0,-0.0146595,-0.256344,0.0503497,0.4355202,0.0903085
"494",0,-0.0224765,0.0398798,0.0442923,1.125592,0.3181981
"495",0,0.4797027,0.4746617,0.0732796,2.352138,0.3372843
"496",0,0.3074372,0.0444977,0.0477884,0.5377289,0.3700678
"497",0,0.176047,-0.3895224,0.0416307,0.6780232,0.1716428
"498",0,0.2219712,0.4123649,0.059196,2.206068,0.3510959
"499",0,0.22322,-0.2049731,0.0242671,0.5356993,0.2323266
"500",1,0.1260996,-0.1410026,0.0518844,0.0888911,0.5753603
"501",1,0.1104757,-0.1969071,0.0314235,0.0597973,0.516516
"502",0,0.382055,0.0874059,0.0715984,1.358021,0.4602767
"503",0,0.0003898,0.164028,0.0635152,0.9451529,0.19361
"504",0,0.0536526,0.1045615,0.0611286,0.5984783,0.1234804
"505",0,0.1278131,0.3412951,0.0557186,2.65438,0.2367797
"506",0,0.0066778,0.1202406,-0.0188199,0.415869,0.087064
"507",0,0.0513223,0.1892552,0.0233946,0.7444476,0.1458007
"508",0,0.0835312,0.3432682,0.0396157,0.9803752,0.3328069
"509",0,0.1073972,0.6664338,0.0860197,6.115032,0.3279409
"510",0,0.0839011,-1.024406,0.0745262,0.1855604,0.6776074
"511",0,0.26158,0.2748004,0.0388476,0.5160937,0.216536
"512",0,0.1354542,0.3273775,0.0693815,3.683682,0.1590656
"513",0,0.1973727,0.2523863,0.0902432,2.244098,0.2636488
"514",0,0.0109027,0.0728981,0.0307073,0.9186825,0.1010592
"515",0,-0.0048531,0.1146027,0.0472223,1.397833,0.0898841
"516",0,0.0373904,-0.0858249,0.0840757,3.288966,0.1497534
"517",0,0.1593917,0.5462992,0.0692524,1.631761,0.3882367
"518",0,0.2089141,0.1258367,0.0436461,0.9852788,0.2969288
"519",0,-0.094114,0.088845,0.0289834,0.1730972,0.6448266
"520",0,0.0345692,0.1494199,0.0371442,1.214255,0.1079642
"521",0,0.3817053,0.6436162,0.0672643,3.86246,0.5153259
"522",0,0.435249,0.8156087,-0.0351515,13.82662,0.1015773
"523",0,0.243369,0.3081464,0.0499348,1.198536,0.4620282
"524",0,-0.029831,0.4744095,0.0607622,1.283795,0.1782108
"525",0,0.243205,0.1274737,0.0291995,3.498727,0.1125659
"526",0,-0.0871204,-0.4555365,0.0239069,5.077781,0.0650433
"527",0,0.5557076,0.5247974,0.1789642,19.92712,0.5314858
"528",0,0.1369317,-1.052173,-0.0011216,1.057206,0.1562095
"529",0,0.0798772,0.2431426,0.064656,1.809088,0.1252861
"530",1,0.184684,0.5925741,0.0308064,0.2030933,0.2723069
"531",0,0.1970782,0.191075,0.035246,0.7098013,0.3638194
"532",0,0.1739228,0.4004439,0.0456462,1.656237,0.237177
"533",0,0.0154107,0.088816,0.0378067,0.4247135,0.1561861
"534",0,0.1606394,0.2857212,0.0583086,2.793311,0.2668192
"535",0,0.0499706,0.3068262,0.0161834,1.433189,0.1352096
"536",0,-0.0608368,0.2354448,0.0767581,3.545133,0.256593
"537",0,0.0177541,0.1677212,0.037351,0.6712265,0.1439959
"538",0,-0.0719841,0.1393067,0.0422301,1.547178,0.0984309
"539",0,0.0396626,0.1055444,0.0383407,0.5575733,0.1132079
"540",0,-0.1052166,-0.9234527,-0.001934,0.7691553,0.1540252
"541",0,0.0470918,0.0422983,0.0460368,0.6164694,0.1670866
"542",0,0.0860681,0.4076234,0.072097,6.28455,0.4314846
"543",0,0.1789574,0.2926446,0.0592385,0.8538615,0.3985296
"544",0,0.4761965,0.095269,0.0360779,1.309513,0.3590674
"545",0,0.2415044,0.1961991,0.0671397,1.071667,0.2815501
"546",0,0.0344594,0.2237286,0.0670564,0.5585477,0.1471695
"547",0,0.2655088,0.4238794,0.0622294,3.291894,0.3039554
"548",0,0.1010434,0.0619673,0.0570651,1.318178,0.2611628
"549",0,0.1282916,0.0397831,0.0274789,0.77615,0.0622212
"550",0,0.4644892,0.854892,0.0575599,2.130274,0.4234112
"551",0,0.0811183,0.2760541,0.0754118,1.32221,0.1821001
"552",0,0.0636598,0.2811304,0.0543436,1.177098,0.5807042
"553",0,-0.1133378,-1.585876,0.0037358,1.356181,0.3610643
"554",0,0.0712489,0.1670125,0.0410951,0.4914528,0.0839136
"555",0,0.0275416,0.0142315,0.0655451,0.4285176,0.2212511
"556",0,0.0397556,0.2238077,0.0514749,1.294319,0.274472
"557",0,0.6539196,0.0427405,0.0514597,0.6783661,0.5362459
"558",0,0.1599183,0.3984526,0.0343203,1.565941,0.2533551
"559",0,0.2659704,-0.6057228,0.0435569,0.3499408,0.7564608
"560",0,-0.0426896,0.3833155,0.036499,0.8745873,0.6412377
"561",0,0.0284698,0.1299765,0.0535478,2.889479,0.238525
"562",0,0.2546585,0.4744097,0.0625606,2.059652,0.3090788
"563",0,-0.0444947,0.007232,0.0367086,0.597085,0.1587368
"564",0,0.1792853,0.1620102,0.061024,1.586631,0.2014483
"565",0,0.3808251,0.1164351,0.040922,0.656696,0.2545548
"566",0,0.0601122,-0.0111179,0.0588448,0.400331,0.141543
"567",0,0.3045213,0.130206,0.0571236,4.840408,0.2119149
"568",0,0.1470093,0.6449027,0.0505728,4.305897,0.3323582
"569",0,0.3972564,0.6106571,0.0473494,0.9476163,0.2937259
"570",0,0.0063151,0.1736479,0.0468055,0.7701992,0.2626646
"571",0,0.0940159,0.0786005,0.0595794,0.7801872,0.7283251
"572",0,0.3980251,0.2930828,0.0589913,2.887757,0.7245601
"573",0,0.4134943,-0.3329683,0.040139,2.15634,0.148996
"574",0,0.2681905,0.3149649,0.0223906,1.239671,0.6108742
"575",0,0.1055856,-0.0575584,-0.0177007,0.4907961,0.3514519
"576",0,0.0228902,0.330593,0.0484752,0.8289875,0.7664204
"577",1,0.4194711,-0.1565447,0.0308975,0.3535448,0.5342762
"578",0,0.5837259,0.1242595,0.0066034,0.3761704,0.4397904
"579",0,-0.0059643,-0.2392301,0.0454332,1.354033,0.0984387
"580",0,0.0469796,0.2383777,0.0691531,1.554726,0.3879178
"581",0,0.0176414,0.1582876,0.0306062,0.7061586,0.1596108
"582",0,0.1789788,0.2344583,0.0709616,3.855034,0.2351196
"583",0,0.3290597,0.6273772,0.0178317,3.718292,0.1836324
"584",0,0.3079953,0.3019056,0.0517151,1.224878,0.3622264
"585",0,0.2665046,0.4136532,0.0413574,1.088872,0.3011315
"586",0,-0.0379015,0.2968535,0.0277851,0.4116137,0.1991531
"587",0,0.2713075,0.3585603,0.0310471,1.677536,0.2575049
"588",0,0.0611201,0.2553904,0.0325721,1.220061,0.1315112
"589",0,0.0104653,0.0101316,0.0727667,1.540934,0.1165834
"590",0,0.0886336,0.1168141,0.0614852,1.289145,0.2484824
"591",0,0.1710526,0.5096549,0.0632133,0.6691664,0.5341058
"592",0,0.0598817,-0.0873875,0.0258765,0.1295764,0.0833746
"593",1,0.3396599,0.1711372,0.0957458,0.1603325,0.7760031
"594",0,0.003971,0.087123,0.0525976,1.89728,0.3169417
"595",0,-0.014885,0.0021596,0.0078219,0.1674612,0.1298471
"596",0,0.0946168,0.6084514,0.0579465,2.430369,0.3821486
"597",0,-0.0539389,-0.7711416,0.0338748,0.0855733,0.4965868
"598",0,0.099604,0.0968281,0.0384647,0.7726911,0.2049052
"599",0,0.341111,0.3043777,0.0562643,2.719699,0.3734035
"600",0,0.2714258,0.2729474,0.0710704,0.9206934,0.5359764
"601",0,0.2641015,0.5718492,0.0716559,1.71625,0.30392
"602",0,-0.1436624,0.2998618,0.0394278,1.015977,0.1961267
"603",0,0.1152717,0.2725141,0.0476734,1.57165,0.318602
"604",0,0.1139262,0.1454891,0.0265507,0.624552,0.1917804
"605",0,0.1374997,0.448352,0.0872214,3.138242,0.2614835
"606",0,0.0937197,-0.0575289,0.0586043,0.2426189,0.204126
"607",0,0.0663216,0.1559372,0.0344309,0.42451,0.1031242
"608",0,0.024864,0.1798317,0.0360699,0.9638133,0.1061556
"609",0,0.0198971,0.0419705,0.0375229,0.5057631,0.0801895
"610",0,-0.0740802,-0.2199,0.0471756,0.974847,0.9703178
"611",0,0.0227568,0.418835,0.0487832,2.208048,0.1876999
"612",0,0.0029067,0.0658232,0.0549861,0.4404089,0.194281
"613",0,-0.0685455,0.2992808,0.0391645,1.273067,0.1073691
"614",0,0.0417754,0.3129049,0.0880069,2.655375,0.1494277
"615",0,-0.0088082,0.2123297,0.0703445,1.09321,0.1605946
"616",0,0.2401461,0.1805167,0.0339408,0.4455947,0.2688478
"617",0,0.3235334,0.2296774,0.0068021,0.7393948,0.3078591
"618",0,0.2154536,0.5431115,0.064734,2.505691,0.3065262
"619",0,0.3477646,0.0286067,0.0811034,3.311404,0.2548375
"620",0,-0.115107,0.0292389,0.0375743,0.5997154,0.4776404
"621",0,0.2568234,-0.1999059,0.0422266,1.397186,0.3410993
"622",0,0.2432267,0.1476592,0.067526,0.8245508,0.6229197
"623",0,0.3655521,0.2538939,0.045864,0.536653,0.2636485
"624",0,-0.0305702,0.364748,0.0655307,0.960152,0.8590242
"625",0,0.2304499,0.5615767,0.0866391,2.284985,0.3211515
"626",0,0.1105198,0.447813,0.065312,1.163176,0.7594256
"627",0,0.0205758,0.174789,0.085997,1.600753,0.1399422
"628",0,0.1163602,0.5514293,0.1007907,4.375051,1.061733
"629",0,0.4429929,0.2665433,0.0771434,2.633981,0.3871759
"630",0,-0.1206009,-0.0161874,0.0216819,0.3875762,0.0894258
"631",0,-0.091329,0.1759324,0.024377,0.3996045,0.3188874
"632",0,0.4195899,-0.0463816,0.0510805,0.5475067,0.4253059
"633",0,-0.0189786,1.117093,0.1370385,4.828984,0.4024253
"634",0,0.3518142,0.6379989,0.1059705,3.308591,0.6646529
"635",0,0.2875571,0.4257602,0.0426255,2.953472,0.1956067
"636",0,-0.0744046,-0.3351238,0.0280332,0.3827709,0.3036884
"637",0,0.334423,0.0329288,0.0438444,1.132899,0.3772652
"638",0,0.1283557,0.193628,0.0239948,0.5364784,0.1169029
"639",0,0.2244481,0.3718188,-0.0470213,0.9447195,0.1738149
"640",0,0.0868414,-0.7219648,0.045983,0.285516,0.3653412
"641",0,0.1277215,0.1869651,0.0374718,0.8026903,0.8581688
"642",0,0.0599543,0.380459,0.0571256,1.997115,0.4947283
"643",0,-0.0089219,0.0232559,0.0269538,0.1256989,0.2691997
"644",0,0.2798139,0.3176922,0.0763536,0.6898727,0.2892397
"645",0,0.5369047,0.7094867,0.0629609,13.18197,0.2368048
"646",0,-0.0091059,-0.0805378,0.0485458,0.8699498,0.1292037
"647",1,0.2928456,-0.4440872,0.0632205,0.4091653,0.5367252
"648",0,0.2789868,0.4666558,0.0555868,5.339621,0.1898381
"649",0,0.3834899,0.2832066,0.0502607,1.122101,0.2416797
"650",0,0.3525237,0.3366247,0.0456406,2.158101,0.254251
"651",0,0.5845758,0.3572376,0.0561939,11.59203,0.6354917
"652",0,0.0331712,-0.2315936,0.0165168,0.2261495,0.0570979
"653",0,0.0421638,0.4840372,0.0675052,0.83351,0.2271025
"654",0,0.1982573,0.1703629,0.0432556,0.9166881,0.3287416
"655",0,0.2826612,-0.2310588,0.0573274,1.38773,0.4308187
"656",1,-0.4376198,-0.0862691,0.0298175,0.0542411,0.3339756
"657",0,0.3705463,0.4300471,0.0388876,2.94915,0.383437
"658",0,0.0401642,0.1671819,0.0802241,0.808543,0.8588765
"659",0,0.330532,-0.6366126,-0.0711288,0.0965166,0.2563467
"660",0,0.2039519,0.5950685,0.0642648,0.8730322,0.5132768
"661",0,0.2712502,0.211635,0.0643477,1.710986,0.501737
"662",1,0.0019329,0.0129746,0.0269781,0.1900372,0.3140802
"663",0,-0.0300382,0.0942514,0.0546237,1.029606,0.1030083
"664",0,0.2653331,0.1996685,0.0730492,1.427938,0.3470858
"665",0,0.0296334,0.2327619,0.0620025,1.858991,0.1338806
"666",1,0.5666019,0.2641332,-0.0077576,0.1141473,0.2546076
"667",0,0.1555957,-0.1790067,0.0513093,1.382886,0.2400215
"668",0,0.145013,0.119309,0.0606566,1.8858,0.1886026
"669",0,0.1438815,0.2850788,0.0499302,0.6938322,0.69481
"670",0,-0.0892322,-0.0680041,0.0346612,0.2173825,0.3586205
"671",0,0.1435512,0.2136039,0.0609995,1.95378,0.2971543
"672",0,0.1359679,0.220679,0.055927,1.950859,0.3044534
"673",0,0.146087,0.199281,0.048778,1.928847,0.3006733
"674",0,0.1320226,0.2173947,0.0515022,1.946975,0.3038866
"675",0,0.1446328,0.2127334,0.0531019,1.939859,0.3038042
"676",0,0.1399035,0.2029877,0.0471467,1.948598,0.3125954
"677",0,0.1451513,0.2255921,0.0659912,1.956664,0.2902518
"678",0,0.1477698,0.2234936,0.0563937,1.947249,0.3097491
"679",1,0.1415524,0.1941908,0.0519263,1.93926,0.3057933
"680",1,0.1314583,0.201243,0.0562759,1.958129,0.2910789
"681",0,0.13415,0.204299,0.0550283,1.946948,0.3051296
"682",0,0.1353444,0.1999375,0.0592553,1.936414,0.296051
"683",0,0.1458729,0.2145765,0.0518181,1.954668,0.3099906
"684",0,0.1431682,0.2048228,0.0472323,1.940762,0.3049425
"685",0,0.1366886,0.2190081,0.0548343,1.943243,0.3003237
"686",0,0.1565739,0.2081784,0.0480325,1.9511,0.3092756
"687",0,0.1355852,0.2031847,0.0550718,1.949773,0.3062676
"688",0,0.1464284,0.2139901,0.0435593,1.952196,0.2995647
"689",0,0.1430225,0.2124083,0.0503858,1.953301,0.2950767
"690",0,0.147523,0.1984614,0.0604321,1.950167,0.3205617
"691",0,0.1433939,0.2149697,0.0639993,1.954525,0.3156938
"692",0,0.1452764,0.2100412,0.0459798,1.933609,0.2934872
"693",1,0.1318882,0.1984017,0.0588665,1.934929,0.2982111
"694",1,0.1432234,0.2077426,0.0508906,1.937747,0.2972052
"695",0,0.1425714,0.2003595,0.052895,1.947853,0.3054224
"696",0,0.1259664,0.2041586,0.0551449,1.933079,0.3020799
"697",0,0.1554779,0.2127254,0.035658,1.958921,0.302327
"698",0,0.1454075,0.2096489,0.0468439,1.94295,0.301428
"699",0,0.150523,0.2029148,0.0487803,1.956133,0.3051159
"700",0,0.1349063,0.2119253,0.0508852,1.95284,0.3024446
"701",0,0.1377741,0.1986973,0.0481879,1.937425,0.3109425
"702",0,0.1448535,0.2102736,0.0421522,1.947687,0.3072321
"703",0,0.1401106,0.2234754,0.0585202,1.943434,0.30638
"704",0,0.1461161,0.2236869,0.04492,1.938506,0.3134923
"705",0,0.1394046,0.2140026,0.0603914,1.943807,0.2983238
"706",0,0.1551786,0.2172222,0.0458473,1.952065,0.3180781
"707",0,0.1400635,0.2114147,0.0479544,1.938603,0.2979705
"708",1,0.3814716,0.0925744,0.0564349,6.197883,0.2848744
"709",1,0.1737504,-0.2126392,-0.0142882,0.2528612,0.1817005
"710",1,0.146596,-0.3510176,0.0196181,0.1599351,0.2280821
"711",1,0.2492964,-0.8212531,-0.0105019,0.0457112,0.2077814
"712",1,-2.041123,-2.401861,-0.5918213,0.0828296,0.1204012
"713",1,0.0976751,-2.258021,0.0666249,0.0456497,0.152202
"714",1,0.2052506,-2.027318,0.0963367,0.0999108,0.1471109
"715",1,0.0439445,-1.508527,0.0371067,0.0374651,0.0471393
"716",1,-0.2525732,-1.382541,0.0330425,0.0468377,0.0417286
"717",1,0.3236196,0.1141382,0.0314794,0.055736,0.7667575
"718",1,-0.0020382,-0.2368011,-0.0227902,0.4122499,0.3472654
"719",1,0.0306512,-0.3071643,0.0491649,0.3450511,0.165355
"720",1,0.0304844,-0.3930804,0.0415986,0.1243332,0.1674541
"721",1,0.0498055,-0.9176574,0.0432669,0.0476325,0.232243
"722",1,0.0203411,-0.9897714,0.0476591,0.0315566,0.2094393
"723",1,0.135862,-0.3049604,0.0532725,0.0494645,0.2079662
"724",1,0.1795605,-0.0222626,0.0250937,0.276456,0.641833
"725",1,0.033396,-0.3028334,0.0010686,0.2432158,0.8027976
"726",1,-0.1336034,-0.3090608,0.0385736,0.1660616,0.5270342
"727",1,0.397942,-0.0444705,0.0651566,0.0561608,0.7628065
"728",1,-0.0782451,-0.1172523,0.0362472,0.2257896,0.3197497
"729",1,-0.1218887,-0.1943018,0.0217671,0.1464622,0.3162027
"730",1,-0.1846311,-0.3868504,-0.0087665,0.0995304,0.4123231
"731",1,0.2294181,-1.871837,0.0035007,0.2109783,0.106427
"732",1,-0.2110643,-0.8538786,0.0473601,0.0689548,0.5477428
"733",1,-0.1214916,-0.0904187,-0.0138338,0.1359,0.3379246
"734",1,0.2443262,-0.288978,0.0590902,2.127038,0.2137534
"735",1,0.1710874,-0.2630216,0.0255669,0.0307504,0.18894
"736",1,-0.899241,-0.5208179,0.0360221,0.0272822,0.5872161
"737",1,0.2993577,0.0330686,0.0279341,0.0390388,0.5705216
"738",1,0.4132972,-0.2284214,0.0584056,0.3096668,0.5274292
"739",1,0.1855198,0.1253468,0.0714944,0.0522214,0.8154629
"740",1,0.0287276,-1.846117,0.033956,0.0346798,0.6780442
"741",1,0.1721674,-0.0686135,-0.0046987,0.0435187,0.2352991
"742",1,0.0055885,-0.2600679,0.0368776,0.2982553,0.1481
"743",1,-0.9942302,-0.4335318,-0.0002437,0.0355022,0.3304674
"744",1,0.0655661,-0.1137388,0.0360236,0.0376323,0.1163601
